lumber_prc_change,steel_prc_change
-1.57628,-3.18139
45.00441,-0.85009
1.78336,7.0404
24.50971,23.36722
27.05685,25.68361
